Alice Johnson,1666346052299542,-565.96
Alice Johnson,8788107001571628,-306.03
Alice Johnson,1953801143366746,-827.13
Alice Johnson,6331944690162371,-923.66
Alice Johnson,5985137008265484,-180.26
Alice Johnson,3138467800847947,-311.66
Alice Johnson,3221857909548179,-156.70
Alice Johnson,6596308961010347,-389.36
Alice Johnson,2479808593199931,-468.74
Alice Johnson,3632074496821361,-743.81
Alice Johnson,7933788301267324,-313.69
Alice Johnson,8108302110792720,-499.17
Alice Johnson,8567517672163743,-50.95
Alice Johnson,5803517288085339,-218.22
Alice Johnson,7364813801492030,-78.96
Alice Johnson,3758446025591369,-84.70
Alice Johnson,1349790255741624,-633.65
Alice Johnson,7257806239676444,-80.96
Alice Johnson,9586389265514085,-389.31
Alice Johnson,4638875968458536,-324.73
Alice Johnson,3781912754049104,-1467.40
Alice Johnson,2471206788824464,-253.64
Alice Johnson,3374979011076435,-202.47
Alice Johnson,8073974918624400,-314.14
Alice Johnson,5779809343812748,-217.48
Alice Johnson,2244155408715697,-111.12
Alice Johnson,8321954160450510,-278.26
Alice Johnson,7642218583889578,-151.07
Alice Johnson,8490351089370486,-694.81
Alice Johnson,8265895365337654,-0.78
Alice Johnson,4640447069618507,-68.32
Alice Johnson,1415611809755396,-452.83
Alice Johnson,7986746230835281,-547.30
Alice Johnson,4877306661718000,-135.29
Alice Johnson,3448706505416457,-991.47
Alice Johnson,1091976209492255,-652.65
Alice Johnson,2908270669259411,-722.61
Alice Johnson,1221197354671929,-210.36
Alice Johnson,9214078793550709,-603.75
Alice Johnson,1882146008585483,-28.55
Alice Johnson,8212121678546288,-797.68
Alice Johnson,9288564890132416,-1025.59
Alice Johnson,8019046410238155,-87.93
Alice Johnson,7437969022448336,-246.23
Alice Johnson,2593960630126225,-270.53
Alice Johnson,8438118775082099,-369.52
Alice Johnson,7473362316931877,-345.39
Alice Johnson,6364507291283448,-84.33
Alice Johnson,1985957113738308,-989.94
Alice Johnson,1184653907661083,-541.63
Alice Johnson,4859166518613329,-283.12
Alice Johnson,5319229943754481,-202.07
Alice Johnson,8867377729272459,-252.58
Alice Johnson,7005348547325842,-886.43
Alice Johnson,2437940894935163,-1300.92
Alice Johnson,9212178367211269,-293.03
Alice Johnson,1603400792908135,-21.96
Alice Johnson,2495729399742437,-274.26
Alice Johnson,6726656678778943,-699.85
Alice Johnson,5656075376505044,-498.76
Alice Johnson,8806667811586514,-597.35
Alice Johnson,3016080912496464,-752.78
Alice Johnson,3481286675832970,-841.79
Alice Johnson,2805277369027782,-122.05
Alice Johnson,5782555298885677,-423.74
Alice Johnson,7838813925763780,-276.49
Alice Johnson,4396323637908512,-881.71
Alice Johnson,8421020748019792,-793.96
Alice Johnson,1314306362506276,-499.03
Alice Johnson,2723790004790486,-78.19
Alice Johnson,8083658349450911,-575.08
Alice Johnson,7633633419959918,-233.04
Alice Johnson,4996828696778395,-64.28
Alice Johnson,9224105660923476,-1247.25
Alice Johnson,7969392450811999,-247.88
Alice Johnson,8098552919273809,-913.57
Alice Johnson,2260283187808711,-460.03
Alice Johnson,6116297510682636,-88.13
Alice Johnson,3221787157948585,-182.05
Alice Johnson,3720861254267956,-567.93
Alice Johnson,8926563536349517,-300.68
Alice Johnson,4006324908271247,-226.16
Alice Johnson,5047419131817617,-735.62
Alice Johnson,4505234468893832,-520.35
Alice Johnson,8831226706537845,-156.67
Alice Johnson,3078305925645274,-519.76
Alice Johnson,7116762270610519,-22.03
Alice Johnson,1034571516663766,-29.61
Alice Johnson,8583318421999722,-475.11
Alice Johnson,5216288133700503,-951.51
Alice Johnson,7843379434992982,-584.00
Alice Johnson,4191189975492601,-109.17
Alice Johnson,5929714130734068,-840.86
Alice Johnson,6318780471235222,-679.79
Alice Johnson,4165292348280880,-316.96
Alice Johnson,8567611645666689,-397.44
Alice Johnson,2520199768465870,-648.63
Alice Johnson,4680196002169449,-503.13
Alice Johnson,2828284803331647,-347.65
Alice Johnson,7885977707979093,-277.12
Alice Johnson,5428222425179998,-890.15
Alice Johnson,8070481806812193,-416.48
Alice Johnson,3112624864573924,-423.28
Alice Johnson,8245505702488036,-133.74
Alice Johnson,6409878058391579,-953.75
Alice Johnson,5135713912449570,-813.75
Alice Johnson,4179780511838513,-30.62
Alice Johnson,9422063607168093,-965.81
Alice Johnson,3964900017829188,-815.98
Alice Johnson,7722859012645988,-691.49
Alice Johnson,4553368672569553,-141.03
Alice Johnson,8595500740108320,-567.09
Alice Johnson,5221016274233263,-517.42
Alice Johnson,9586244707195530,-880.47
Alice Johnson,4635647885236496,-67.89
Alice Johnson,6551870230337816,-696.18
Alice Johnson,6360440854633977,-285.44
Alice Johnson,5591196008459063,-1130.94
Alice Johnson,3271836960871147,-31.85
Alice Johnson,5044724683368385,-974.96
Alice Johnson,1997698425913677,-6.81
Alice Johnson,4587924352491543,-714.58
Alice Johnson,4371521244295935,-457.73
Alice Johnson,4543396407131252,-226.01
Alice Johnson,7430281322404240,-215.78
Alice Johnson,9685591916236753,-98.81
Alice Johnson,3954882038304867,-386.77
Alice Johnson,5161964965361163,-439.83
Alice Johnson,9430131757365626,-577.01
Alice Johnson,4553095439568831,-944.51
Alice Johnson,2994505662288982,-137.44
Alice Johnson,6713844979695208,-689.32
Bob Brown,8642937709452861,-327.43
Bob Brown,4804631203733528,-132.33
Bob Brown,9553016027620387,-650.95
Bob Brown,8966015413906682,-894.64
Bob Brown,8871857716962641,-82.53
Bob Brown,1367359477905311,-197.04
Bob Brown,2671040169806302,-544.65
Bob Brown,7088608562570046,-292.57
Bob Brown,9658045397207776,-432.07
Bob Brown,9360881820378920,-535.58
Bob Brown,4638875968458536,-403.26
Bob Brown,9825880721122250,-181.61
Bob Brown,7623541189649623,-557.62
Bob Brown,2994505662288982,-36.14
Bob Brown,9978663498687067,-388.71
Bob Brown,3386573741944822,-332.27
Bob Brown,3138467800847947,-179.29
Bob Brown,7378658938977030,-619.90
Bob Brown,6920500813734115,-27.24
Bob Brown,1913539577725652,-725.46
Bob Brown,6638894959095028,-246.64
Bob Brown,1750750737095201,-554.13
Bob Brown,8476532382379964,-226.69
Bob Brown,1666346052299542,-112.46
Bob Brown,8327420875033840,-200.13
Bob Brown,8391565267835627,-157.23
Bob Brown,1863806955520226,-210.14
Bob Brown,8606030262772216,-602.10
Bob Brown,6034686452643910,-423.01
Bob Brown,8863259711185134,-159.79
Bob Brown,5986653133841108,-237.55
Bob Brown,6409878058391579,-229.48
Bob Brown,8911918208467964,-771.00
Bob Brown,1672897533273688,-224.17
Bob Brown,1349790255741624,-216.21
Bob Brown,8470874796057166,-615.15
Bob Brown,9147044437858032,-102.01
Bob Brown,8323151450265976,-699.02
Bob Brown,4884596074086764,-243.05
Bob Brown,6720106614604698,-404.54
Bob Brown,5642636281168408,-74.02
Bob Brown,1787078525172853,-878.27
Bob Brown,4687315936332935,-990.90
Bob Brown,3413261534830586,-456.05
Bob Brown,2534541855513032,-894.86
Bob Brown,5135713912449570,-103.42
Bob Brown,6596308961010347,-58.76
Bob Brown,6195741927952806,-1186.75
Bob Brown,5221016274233263,-714.37
Bob Brown,2467235843011393,-970.19
Bob Brown,9230287770669148,-180.71
Bob Brown,4543218529189628,-294.68
Bob Brown,5954956042176340,-982.66
Bob Brown,3429519316444015,-22.98
Bob Brown,1762034285140370,-842.27
Bob Brown,4976272127416080,-1164.04
Bob Brown,3193351596028698,-630.45
Bob Brown,2043076984197156,-403.53
Bob Brown,1131036814277227,-220.39
Bob Brown,9442280087250274,-2210.24
Bob Brown,9170216052489971,-108.16
Bob Brown,5692169836124893,-1947.73
Bob Brown,2206356931001719,-406.19
Bob Brown,5571941747462160,-989.30
Bob Brown,4554280529202710,-38.43
Bob Brown,6638836470697467,-1169.17
Bob Brown,1904350079946925,-1016.17
Bob Brown,3878587102194299,-757.51
Bob Brown,4524904938437500,-1477.54
Bob Brown,9430131757365626,-1018.14
Bob Brown,3221787157948585,-417.55
Bob Brown,7364813801492030,-253.07
Bob Brown,6407096576172680,-717.06
Bob Brown,7156947273310965,-289.06
Bob Brown,2026110346742908,-515.09
Bob Brown,7437969022448336,-12.36
Bob Brown,2908270669259411,-452.00
Bob Brown,3821556055348511,-39.19
Bob Brown,6621934758400053,-538.06
Bob Brown,9745142947482903,-102.07
Bob Brown,1361967051267476,-830.01
Bob Brown,5466577930198181,-204.94
Bob Brown,9278961213297545,-26.94
Bob Brown,2612897537856740,-205.05
Bob Brown,2801368422138480,-172.66
Bob Brown,6879813499377581,-609.43
Bob Brown,5268767688093577,-777.00
Bob Brown,4992831155689726,-126.08
Bob Brown,2169421870494576,-790.46
Bob Brown,8831226706537845,-231.53
Bob Brown,5591196008459063,-296.32
Bob Brown,8857696503308058,-515.61
Bob Brown,1812859020314851,-354.22
Bob Brown,3440859463499752,-906.72
Bob Brown,2099469514050535,-611.13
Bob Brown,1557643663481878,-616.47
Bob Brown,5486236315656806,-227.89
Bob Brown,4173840865958855,-962.37
Bob Brown,5211145233564005,-653.04
Bob Brown,6002956431658905,-90.66
Bob Brown,5758132233400743,-706.98
Bob Brown,6249021575043714,-899.08
Bob Brown,2244155408715697,-534.35
Bob Brown,8890684150459893,-616.11
Bob Brown,4261225760790785,-138.41
Bob Brown,8098552919273809,-58.37
Bob Brown,6281227796172550,-462.43
Bob Brown,8135515339468142,-282.33
Bob Brown,4810388077603491,-942.43
Bob Brown,9226410139842675,-389.51
Bob Brown,9038500187719790,-504.45
Bob Brown,8616826225336881,-987.48
Bob Brown,5517465148457475,-923.84
Bob Brown,3781912754049104,-159.47
Bob Brown,5535792788009146,-580.64
Bob Brown,9928953076809811,-44.71
Bob Brown,9399808069600501,-171.00
Bob Brown,9299989562511575,-883.49
Carol White,9988751180861391,-48.63
Carol White,7882134564904288,-283.85
Carol White,1184641070071557,-276.55
Carol White,7642218583889578,-115.27
Carol White,2406352718815290,-259.91
Carol White,6497381002187220,-758.99
Carol White,8305999049418203,-711.00
Carol White,5954956042176340,-116.30
Carol White,4921750941093664,-70.45
Carol White,6706674035925485,-59.75
Carol White,3274899058521530,-125.99
Carol White,2397323940882757,-594.40
Carol White,4553368672569553,-11.93
Carol White,6666155490535302,-1227.90
Carol White,9890536765666341,-922.54
Carol White,9907211484346284,-618.91
Carol White,8212121678546288,-13.28
Carol White,2604414583860152,-462.22
Carol White,1382896803968382,-223.84
Carol White,7882582107862425,-388.61
Carol White,9139555676671135,-24.29
Carol White,6275539127714943,-22.47
Carol White,9230287770669148,-196.77
Carol White,5182134507884562,-94.94
Carol White,2495729399742437,-796.34
Carol White,7860741595002081,-198.34
Carol White,8677283115050417,-437.68
Carol White,2868276572311077,-1233.84
Carol White,5349185306463465,-303.82
Carol White,7378658938977030,-128.89
Carol White,6373377267530071,-351.02
Carol White,1707869587304859,-615.46
Carol White,7697144810395610,-967.18
Carol White,3405117154089856,-770.07
Carol White,5013874001713472,-1047.19
Carol White,6083026975384857,-1359.62
Carol White,6959527741720597,-609.93
Carol White,3064260193704877,-960.81
Carol White,7997675759969057,-963.85
Carol White,1927454652594237,-871.05
Carol White,1759824692448192,-685.14
Carol White,4637227252047046,-198.38
Carol White,7185514591116500,-9.44
Carol White,2569943547304489,-268.61
Carol White,6154194187681166,-253.51
Carol White,9863409304597557,-899.92
Carol White,9207685036939557,-495.52
Carol White,7933788301267324,-631.50
Carol White,7696188586946467,-792.68
Carol White,2437940894935163,-992.06
Carol White,1882146008585483,-1398.15
Carol White,3983849818517479,-1626.80
Carol White,5985137008265484,-302.87
Carol White,7396050958965709,-177.27
Carol White,6984391809227583,-509.21
Carol White,1985957113738308,-65.35
Carol White,2569628621703660,-151.75
Carol White,8802186619018820,-347.43
Carol White,1221290516895027,-608.71
Carol White,5759512654208502,-681.38
Carol White,7150750646571703,-452.88
Carol White,7142542028115483,-331.05
Carol White,1756394500856655,-717.39
Carol White,8301691133063771,-611.94
Carol White,7522789644919184,-906.82
Carol White,3269876819559013,-486.89
Carol White,5737044512410869,-982.82
Carol White,6627154186159139,-535.63
Carol White,5506303677185487,-355.12
Carol White,6052273488225749,-278.31
Carol White,6360440854633977,-153.05
Carol White,6610223482127363,-488.06
Carol White,1505359012532511,-1095.31
Carol White,1295465547105021,-197.15
Carol White,6046027949047928,-46.91
Carol White,1770449598388660,-429.28
Carol White,6320126045699992,-228.71
Carol White,5784691864124395,-1340.08
Carol White,6300274375694647,-408.39
Carol White,2709128264967705,-850.82
Carol White,2360740739892397,-125.71
Carol White,4631945159040497,-292.05
Carol White,2156204834780496,-522.83
Carol White,1720761265374654,-401.04
Carol White,1218623750460420,-606.56
Carol White,8583318421999722,-987.00
Carol White,9928953076809811,-337.95
Carol White,4635647885236496,-491.08
Carol White,8150302168641279,-792.34
Carol White,6568963528420759,-225.21
Carol White,3774556734607765,-933.02
Carol White,2260283187808711,-107.09
Carol White,2683985941416707,-485.17
Carol White,1863806955520226,-787.71
Carol White,8135515339468142,-262.59
Carol White,5129407636099695,-175.96
Carol White,8019046410238155,-950.16
Carol White,4415677040350723,-233.00
Carol White,3247382275909318,-741.05
Carol White,1776312743668524,-655.53
Carol White,8411005283306084,-978.18
Carol White,9399808069600501,-427.08
Carol White,4902430207590167,-90.44
Carol White,5161343198315631,-365.38
Carol White,1442000753291770,-530.32
Carol White,2631666150732817,-153.03
Carol White,8055947201686124,-154.92
Carol White,3547669788725139,-285.63
Carol White,2520199768465870,-867.68
Carol White,3271836960871147,-17.85
Carol White,4864808196949363,-763.16
Carol White,8375838776965721,-767.69
Carol White,2209880243273467,-279.99
Carol White,3758446025591369,-272.43
Carol White,6011316361818045,-853.28
Carol White,6653022153340943,-924.59
Carol White,2353310188627344,-839.15
Carol White,2242052917197829,-192.58
Carol White,7907081763771457,-460.09
David Black,2645364289456636,-416.44
David Black,5506303677185487,-119.97
David Black,9852972332072567,-231.47
David Black,2637600386700000,-453.57
David Black,8375838776965721,-282.63
David Black,7473362316931877,-1075.48
David Black,4146677210263079,-242.50
David Black,3374979011076435,-880.41
David Black,1810505227271911,-358.01
David Black,3758446025591369,-118.88
David Black,2039516234977775,-319.32
David Black,8300457814754107,-841.27
David Black,4587924352491543,-110.94
David Black,5349838126094349,-24.69
David Black,4723454716093359,-494.56
David Black,7753319942767869,-764.60
David Black,5038835567410683,-270.62
David Black,6547657441535724,-1046.85
David Black,3376934542915927,-134.60
David Black,8150302168641279,-269.92
David Black,7335073818207069,-115.08
David Black,4065258140741693,-424.92
David Black,8031694431853046,-60.74
David Black,2837118610767919,-799.44
David Black,9207685036939557,-499.22
David Black,5053407348388140,-269.89
David Black,9187121038152159,-644.28
David Black,8367215051997519,-260.90
David Black,8338693680417829,-709.34
David Black,5577890466252719,-361.94
David Black,4799182148851255,-55.93
David Black,4495456629670648,-1034.46
David Black,3405117154089856,-871.32
David Black,6838835561429488,-1296.93
David Black,1584831412812575,-563.67
David Black,3084339293934902,-686.37
David Black,5304119614327802,-154.77
David Black,8817225282965072,-280.05
David Black,6720106614604698,-605.74
David Black,5012005529776722,-992.95
David Black,8981571948284688,-530.09
David Black,7429941530501189,-718.54
David Black,3035662827572649,-99.57
David Black,8606030262772216,-770.17
David Black,8135515339468142,-657.33
David Black,4545688228306604,-893.09
David Black,5299257693455632,-375.87
David Black,1432917757227727,-545.10
David Black,9224105660923476,-354.05
David Black,9586389265514085,-373.41
David Black,4553368672569553,-127.74
David Black,3330905437002745,-919.87
David Black,4543396407131252,-903.84
David Black,7882134564904288,-845.51
David Black,3886351370165484,-193.05
David Black,8911918208467964,-410.85
David Black,7907081763771457,-95.33
David Black,7435609436080115,-702.89
David Black,6916732934408826,-576.49
David Black,9510513607946418,-424.75
David Black,6851534684981646,-495.07
David Black,4533728137575028,-9.01
David Black,7451231929117277,-995.03
David Black,3734135683553706,-475.37
David Black,2495895487257575,-294.63
David Black,2385524578449901,-527.98
David Black,6999329470521072,-404.93
David Black,6011316361818045,-912.94
David Black,5827000673741265,-108.62
David Black,2727390245708204,-337.22
David Black,2313920637635860,-380.10
David Black,2535689592321012,-263.64
David Black,5803517288085339,-329.05
David Black,6684168468407891,-467.82
David Black,5929714130734068,-1341.02
David Black,3720861254267956,-683.38
David Black,3020440036013316,-406.53
David Black,1352742255508341,-406.24
David Black,6610223482127363,-862.02
David Black,1505359012532511,-829.95
David Black,4177194856036287,-992.76
David Black,4786453358744779,-194.56
David Black,9890536765666341,-201.06
David Black,7007076383692586,-800.85
David Black,6853358383122860,-461.88
David Black,3764451176850166,-874.45
David Black,7462730386704663,-45.03
David Black,4820722565193309,-580.78
David Black,8323151450265976,-806.75
David Black,7697144810395610,-699.61
David Black,4811633594884185,-286.01
David Black,9077624471533213,-857.53
David Black,4927530612143753,-711.39
David Black,8554170609092749,-408.76
David Black,1987595217233083,-630.87
David Black,4976272127416080,-1303.20
David Black,8874542404409419,-706.97
David Black,1221290516895027,-538.33
David Black,1442000753291770,-627.46
David Black,2209880243273467,-670.15
David Black,6839477597651440,-527.38
David Black,2321605531485986,-634.81
David Black,2397323940882757,-239.06
David Black,8908236243392148,-450.07
David Black,8802186619018820,-78.13
David Black,4458650850840543,-395.56
David Black,5211145233564005,-713.04
David Black,8677283115050417,-868.03
David Black,9745142947482903,-522.08
David Black,1727459439208399,-3.71
David Black,9511256409606292,-511.63
David Black,9818484273650170,-572.29
David Black,5129407636099695,-912.07
David Black,2471206788824464,-95.32
David Black,5584206686322317,-474.12
David Black,7603795289906432,-150.66
David Black,8438118775082099,-473.09
David Black,8421020748019792,-510.64
David Black,8348245931334937,-475.88
David Black,6621934758400053,-689.79
David Black,2368474489952399,-957.97
David Black,9139555676671135,-304.05
David Black,5080111719027750,-993.06
David Black,2683985941416707,-819.22
David Black,6034686452643910,-639.48
David Black,1759824692448192,-775.09
David Black,8776371481593581,-296.97
Eva Green,1828843428192032,-234.46
Eva Green,1575004836542846,-735.92
Eva Green,5038835567410683,-534.70
Eva Green,9685591916236753,-847.47
Eva Green,1221197354671929,-318.06
Eva Green,7603795289906432,-190.29
Eva Green,2437940894935163,-195.27
Eva Green,4373832802454857,-85.28
Eva Green,9911358968958847,-150.26
Eva Green,6547657441535724,-307.54
Eva Green,7088608562570046,-164.29
Eva Green,9288564890132416,-73.28
Eva Green,9207685036939557,-121.99
Eva Green,1285643469993134,-112.73
Eva Green,1679788804956135,-141.53
Eva Green,9021088564918871,-178.70
Eva Green,3413261534830586,-445.84
Eva Green,4195659536214682,-149.72
Eva Green,4513514881063720,-110.08
Eva Green,1061020541041392,-41.07
Eva Green,2194485368838471,-290.34
Eva Green,5268767688093577,-167.85
Eva Green,9467904318046657,-800.30
Eva Green,9586389265514085,-453.39
Eva Green,7679121815951842,-363.61
Eva Green,9110052839355518,-135.24
Eva Green,6627154186159139,-549.00
Eva Green,5334990160210959,-530.77
Eva Green,4157037460083977,-508.50
Eva Green,3062416748107041,-437.74
Eva Green,8737718941532183,-738.08
Eva Green,5593411493831353,-617.98
Eva Green,4008635356720246,-95.69
Eva Green,6127396571794492,-195.66
Eva Green,3711455559393407,-245.31
Eva Green,4412190263293237,-382.02
Eva Green,3774556734607765,-210.08
Eva Green,5733337521889214,-644.10
Eva Green,2218658351549826,-141.83
Eva Green,3758446025591369,-98.10
Eva Green,6481430125888269,-133.48
Eva Green,6783006273251675,-763.48
Eva Green,4748362403606684,-331.12
Eva Green,4102731307784362,-710.52
Eva Green,6851534684981646,-500.08
Eva Green,9980347984438326,-920.55
Eva Green,1584831412812575,-143.96
Eva Green,2630911704285042,-601.54
Eva Green,7435609436080115,-23.22
Eva Green,2449056820122592,-790.78
Eva Green,1131036814277227,-72.17
Eva Green,3032060324273744,-763.32
Eva Green,3552381449417230,-356.84
Eva Green,7478654712228507,-329.44
Eva Green,4105338179208534,-756.08
Eva Green,8850390600542083,-342.15
Eva Green,5161343198315631,-743.63
Eva Green,6058892346064076,-606.23
Eva Green,2546418568153334,-269.62
Eva Green,3016080912496464,-146.61
Eva Green,4225426201759959,-684.98
Eva Green,2540689113788468,-672.58
Eva Green,6206228337245907,-626.22
Eva Green,8924034101731879,-160.52
Eva Green,2789438540599214,-62.36
Eva Green,8568891240026378,-313.18
Eva Green,2542059987470544,-670.22
Eva Green,2536303498964505,-658.22
Eva Green,9226410139842675,-832.09
Eva Green,7608147446397878,-934.87
Eva Green,8055947201686124,-346.87
Eva Green,1099027759794252,-595.66
Eva Green,2910838358938830,-583.08
Eva Green,5940546015102819,-487.71
Eva Green,6164209188135774,-317.55
Eva Green,5571941747462160,-841.63
Eva Green,4122058391922234,-451.89
Eva Green,8243024587222803,-97.58
Eva Green,4495456629670648,-436.92
Eva Green,9475378585496058,-417.94
Eva Green,7593359455610395,-61.26
Eva Green,5784691864124395,-75.92
Eva Green,6468047065913312,-900.02
Eva Green,6555302233598496,-192.76
Eva Green,7503484884303012,-184.31
Eva Green,4203231795755613,-253.11
Eva Green,5248970641914347,-926.62
Eva Green,9988751180861391,-440.02
Eva Green,1732571735419050,-861.39
Eva Green,8470874796057166,-640.43
Eva Green,2319036250077991,-385.09
Eva Green,6249021575043714,-1671.25
Eva Green,4786453358744779,-559.92
Eva Green,7430281322404240,-587.24
Eva Green,2645364289456636,-188.35
Eva Green,3376934542915927,-826.76
Eva Green,6374962406483798,-190.36
Eva Green,5506303677185487,-266.28
Eva Green,9907211484346284,-816.13
Eva Green,8226837803700668,-650.07
Eva Green,3625732254079082,-345.06
Eva Green,3193351596028698,-20.52
Eva Green,6508286587344642,-120.31
Eva Green,7451231929117277,-749.32
Eva Green,7272493916756153,-4.16
Eva Green,1654882012221043,-737.77
Eva Green,5080111719027750,-808.92
Eva Green,4275602983913237,-783.51
Frank Blue,8386636731146466,-212.84
Frank Blue,4613774958315170,-698.12
Frank Blue,5994769627022369,-549.24
Frank Blue,2229933148071062,-82.27
Frank Blue,8621689197344902,-59.51
Frank Blue,7885977707979093,-117.13
Frank Blue,3413261534830586,-296.54
Frank Blue,8722576636662304,-50.15
Frank Blue,4693483824709740,-253.09
Frank Blue,3405117154089856,-58.70
Frank Blue,9147044437858032,-232.95
Frank Blue,1203853283617667,-291.08
Frank Blue,2313920637635860,-288.22
Frank Blue,1314306362506276,-274.15
Frank Blue,7593359455610395,-26.25
Frank Blue,9510513607946418,-603.27
Frank Blue,4433166539841554,-492.96
Frank Blue,9475378585496058,-8.66
Frank Blue,6206228337245907,-216.41
Frank Blue,2039516234977775,-135.23
Frank Blue,9980347984438326,-348.07
Frank Blue,4921750941093664,-51.24
Frank Blue,2406352718815290,-81.41
Frank Blue,1584335776330754,-720.72
Frank Blue,6495934941665860,-213.17
Frank Blue,6568963528420759,-57.67
Frank Blue,6879813499377581,-829.97
Frank Blue,5419058041938648,-576.39
Frank Blue,5682407970399872,-430.70
Frank Blue,9587581627475135,-407.31
Frank Blue,3271836960871147,-377.25
Frank Blue,8391565267835627,-892.29
Frank Blue,4105338179208534,-912.68
Frank Blue,8844325342707361,-891.78
Frank Blue,8867377729272459,-594.41
Frank Blue,3440859463499752,-578.63
Frank Blue,7642218583889578,-683.33
Frank Blue,6879982976053624,-561.98
Frank Blue,6780671709995263,-953.01
Frank Blue,6783006273251675,-11.15
Frank Blue,2036451963942865,-292.91
Frank Blue,8083658349450911,-61.91
Frank Blue,8806667811586514,-194.09
Frank Blue,2143042706461784,-316.92
Frank Blue,9207685036939557,-282.05
Frank Blue,9722361470430520,-498.65
Frank Blue,1596459707620855,-1171.00
Frank Blue,1267583383004971,-56.07
Frank Blue,7005348547325842,-229.89
Frank Blue,4544091496796015,-145.83
Frank Blue,1295465547105021,-350.63
Frank Blue,2495895487257575,-983.08
Frank Blue,6320126045699992,-234.41
Frank Blue,7999331845045238,-488.84
Frank Blue,1124335106180534,-821.74
Frank Blue,1270320600691276,-382.25
Frank Blue,6838835561429488,-979.04
Frank Blue,6638894959095028,-986.99
Frank Blue,7011103993760406,-1013.14
Frank Blue,8737718941532183,-617.18
Frank Blue,4097782694412112,-260.80
Frank Blue,1201586115537281,-644.28
Frank Blue,9815308954571948,-640.04
Frank Blue,9992143027619702,-135.43
Frank Blue,1735700938596127,-400.87
Frank Blue,8926563536349517,-216.44
Frank Blue,7907081763771457,-784.08
Frank Blue,8313833735939167,-965.88
Frank Blue,3878587102194299,-673.41
Frank Blue,9586244707195530,-315.95
Frank Blue,9522513001238513,-355.72
Frank Blue,7648045830653122,-336.96
Frank Blue,5878606652467262,-1327.93
Frank Blue,9141373356287625,-305.03
Frank Blue,8896999362162440,-744.46
Frank Blue,6720106614604698,-766.83
Frank Blue,7515540145515016,-112.43
Frank Blue,9819000017705817,-770.96
Frank Blue,8245505702488036,-461.39
Frank Blue,7301032612913722,-366.24
Frank Blue,9467904318046657,-25.02
Frank Blue,2894325448950706,-800.88
Frank Blue,7153727474932620,-494.37
Frank Blue,1091976209492255,-747.55
Frank Blue,3192127097328738,-820.02
Frank Blue,7150750646571703,-487.24
Frank Blue,9857408643911043,-153.54
Frank Blue,7494653408149020,-501.01
Frank Blue,9664700986802901,-330.63
Frank Blue,6850995582458068,-62.18
Frank Blue,1756394500856655,-508.84
Frank Blue,6154194187681166,-136.02
Frank Blue,5737044512410869,-179.26
Frank Blue,4638015284313165,-397.71
Frank Blue,2885684097131490,-532.74
Frank Blue,9278961213297545,-906.53
Frank Blue,3658675198111418,-495.42
Frank Blue,3917803226537337,-664.09
Frank Blue,4687315936332935,-382.18
Frank Blue,3582805502597500,-85.07
Frank Blue,6431461913300978,-295.40
Frank Blue,9512963411350347,-1136.88
Frank Blue,7157841486729310,-84.32
Frank Blue,8150302168641279,-695.72
Frank Blue,6468047065913312,-333.95
Frank Blue,2540689113788468,-639.95
Frank Blue,2943744607854060,-189.01
Frank Blue,5985137008265484,-163.20
Frank Blue,1882146008585483,-47.33
Frank Blue,4553095439568831,-626.81
Frank Blue,4396323637908512,-661.86
Frank Blue,3247382275909318,-321.37
Frank Blue,2922339978959275,-34.12
Frank Blue,9177355065744418,-351.04
Frank Blue,4959037794583375,-487.73
Frank Blue,4810388077603491,-758.82
Frank Blue,8788107001571628,-684.46
Frank Blue,7687399707086545,-758.71
Frank Blue,5733337521889214,-1.77
Frank Blue,5802030150359103,-221.61
Frank Blue,8850390600542083,-809.19
Frank Blue,4680995756294478,-695.49
Frank Blue,7838813925763780,-131.21
Frank Blue,9907211484346284,-712.92
Frank Blue,3020440036013316,-276.67
Frank Blue,5999858461715751,-325.92
Frank Blue,9072986005185743,-867.38
Frank Blue,7329451478326747,-336.46
Grace Pink,1091976209492255,-827.15
Grace Pink,1169539199661116,-1884.99
Grace Pink,3970456176466384,-61.25
Grace Pink,9664700986802901,-659.58
Grace Pink,4901577610394658,-855.64
Grace Pink,4736976069761662,-179.33
Grace Pink,7673324227782098,-725.99
Grace Pink,4157037460083977,-762.42
Grace Pink,6053612992809085,-695.24
Grace Pink,1759824692448192,-219.92
Grace Pink,3500480973315126,-97.39
Grace Pink,7437969022448336,-75.28
Grace Pink,1770449598388660,-618.45
Grace Pink,5217129445288957,-202.15
Grace Pink,3357142484716993,-24.32
Grace Pink,2536303498964505,-711.56
Grace Pink,7515540145515016,-332.85
Grace Pink,1367359477905311,-562.04
Grace Pink,9475378585496058,-213.93
Grace Pink,4969998211184690,-190.73
Grace Pink,1958179493698334,-285.37
Grace Pink,2671040169806302,-407.75
Grace Pink,6726656678778943,-412.64
Grace Pink,3774556734607765,-985.07
Grace Pink,7396050958965709,-643.30
Grace Pink,5591196008459063,-31.73
Grace Pink,4433166539841554,-63.27
Grace Pink,4819034065848479,-249.71
Grace Pink,8321954160450510,-484.61
Grace Pink,5129407636099695,-285.21
Grace Pink,9399808069600501,-458.06
Grace Pink,9021088564918871,-282.70
Grace Pink,9368580759073363,-170.53
Grace Pink,9980347984438326,-172.96
Grace Pink,2903330446693290,-530.82
Grace Pink,8567517672163743,-990.14
Grace Pink,1361967051267476,-1191.87
Grace Pink,9578854568351758,-92.05
Grace Pink,1927454652594237,-948.07
Grace Pink,8642937709452861,-525.65
Grace Pink,8163809153696860,-1766.21
Grace Pink,4102731307784362,-638.76
Grace Pink,5506303677185487,-1.63
Grace Pink,8212497109352287,-805.68
Grace Pink,9741025265993633,-306.56
Grace Pink,2709128264967705,-457.27
Grace Pink,6281083572941511,-42.73
Grace Pink,9077624471533213,-180.29
Grace Pink,2881350835243939,-25.02
Grace Pink,9078195580435653,-802.96
Grace Pink,3464381678439221,-591.13
Grace Pink,7462730386704663,-268.82
Grace Pink,8802186619018820,-335.06
Grace Pink,9852972332072567,-790.03
Grace Pink,3845661750613195,-681.28
Grace Pink,3627724661798360,-838.69
Grace Pink,4990117908515511,-535.09
Grace Pink,9818484273650170,-564.35
Grace Pink,6627154186159139,-1297.04
Grace Pink,6105030219824976,-684.44
Grace Pink,5611164978592733,-917.14
Grace Pink,7455374025136995,-852.02
Grace Pink,4112800196604893,-993.11
Grace Pink,1201586115537281,-668.36
Grace Pink,3882111902502150,-248.04
Grace Pink,2169421870494576,-114.03
Grace Pink,8031694431853046,-341.54
Grace Pink,5161343198315631,-819.09
Grace Pink,7801480043055686,-922.63
Grace Pink,1572282814385639,-285.37
Grace Pink,6713844979695208,-513.13
Grace Pink,7111030670749301,-550.64
Grace Pink,3037170990497335,-47.45
Grace Pink,5155012802927252,-155.43
Grace Pink,7656866521373290,-580.07
Grace Pink,6736465803770202,-656.57
Grace Pink,3548071514614572,-2763.08
Grace Pink,8377884445948549,-818.81
Grace Pink,9207685036939557,-732.45
Grace Pink,7587010367615644,-293.61
Grace Pink,5038835567410683,-1182.09
Grace Pink,9819297821831556,-300.31
Grace Pink,8226837803700668,-641.10
Grace Pink,4006324908271247,-878.65
Grace Pink,7429941530501189,-882.84
Grace Pink,4804631203733528,-18.04
Grace Pink,9553016027620387,-605.36
Grace Pink,3964483002710546,-442.71
Grace Pink,7358762077018495,-143.05
Grace Pink,2751069530318474,-744.28
Grace Pink,3885608956509337,-569.71
Grace Pink,3492477431120106,-61.96
Grace Pink,6407096576172680,-536.54
Grace Pink,1221290516895027,-277.48
Grace Pink,4734960742576057,-376.77
Grace Pink,1927044868165442,-598.15
Grace Pink,9953631148726069,-28.09
Grace Pink,7523248817694889,-771.46
Grace Pink,5940546015102819,-130.54
Grace Pink,4543396407131252,-592.03
Grace Pink,1584831412812575,-339.31
Grace Pink,8375838776965721,-98.89
Grace Pink,8150653584747592,-762.29
Grace Pink,2420136378878178,-1.14
Grace Pink,5656075376505044,-265.39
Grace Pink,4533728137575028,-100.31
Grace Pink,5929714130734068,-403.87
Grace Pink,7682049061018148,-467.14
Grace Pink,7623541189649623,-928.34
Grace Pink,4005204728308827,-839.91
Grace Pink,8019046410238155,-141.62
Grace Pink,6621934758400053,-830.71
Grace Pink,3330905437002745,-638.85
Grace Pink,7478654712228507,-986.69
Grace Pink,3557898764089263,-55.11
Grace Pink,7272493916756153,-225.36
Grace Pink,3125229761808015,-60.58
Grace Pink,3339557471276742,-241.12
Grace Pink,8150302168641279,-425.77
Grace Pink,2105040058969302,-615.97
Grace Pink,2397323940882757,-667.44
Grace Pink,4687315936332935,-493.92
Grace Pink,5012005529776722,-75.66
Grace Pink,4291479849351017,-678.89
Grace Pink,4261225760790785,-492.77
Grace Pink,5390268077307012,-846.14
Grace Pink,9723377079350464,-680.33
Grace Pink,5692169836124893,-747.24
Grace Pink,2229933148071062,-781.21
Grace Pink,8722576636662304,-332.78
Grace Pink,1971774579808236,-835.08
Grace Pink,3658675198111418,-786.19
Grace Pink,4543218529189628,-601.85
Grace Pink,5889002650288139,-770.89
Grace Pink,4203231795755613,-258.69
Grace Pink,2043076984197156,-778.00
Grace Pink,2542059987470544,-807.19
Grace Pink,8438118775082099,-762.62
Grace Pink,6497381002187220,-166.56
Henry Gold,2353310188627344,-339.99
Henry Gold,4195659536214682,-853.57
Henry Gold,9614643077843408,-338.62
Henry Gold,4786453358744779,-480.40
Henry Gold,3115933604889328,-401.01
Henry Gold,5889002650288139,-851.81
Henry Gold,7603795289906432,-543.29
Henry Gold,9862655108181172,-1137.72
Henry Gold,6653022153340943,-261.06
Henry Gold,8911918208467964,-678.93
Henry Gold,6959527741720597,-46.36
Henry Gold,2727390245708204,-32.61
Henry Gold,8740677579607753,-1500.38
Henry Gold,1727459439208399,-157.81
Henry Gold,9090728468771889,-801.46
Henry Gold,4853889206866639,-130.48
Henry Gold,6720106614604698,-45.89
Henry Gold,5779809343812748,-22.50
Henry Gold,3080190258130988,-102.12
Henry Gold,1860172623009272,-513.70
Henry Gold,4008635356720246,-81.65
Henry Gold,7435609436080115,-659.08
Henry Gold,2260283187808711,-515.06
Henry Gold,5785139390153407,-844.66
Henry Gold,2908270669259411,-794.64
Henry Gold,7453943048541525,-649.27
Henry Gold,8554170609092749,-326.86
Henry Gold,3561515229585292,-253.02
Henry Gold,4221245133555561,-90.42
Henry Gold,9291928659433862,-584.23
Henry Gold,6407096576172680,-334.13
Henry Gold,8411005283306084,-666.61
Henry Gold,7838813925763780,-1154.10
Henry Gold,4478364070932090,-681.23
Henry Gold,5368542288283306,-261.07
Henry Gold,3811842228174042,-615.17
Henry Gold,7396050958965709,-219.63
Henry Gold,5248970641914347,-874.92
Henry Gold,5216288133700503,-570.28
Henry Gold,1314306362506276,-242.22
Henry Gold,8788107001571628,-961.75
Henry Gold,8050853276860498,-379.24
Henry Gold,5419058041938648,-785.67
Henry Gold,2467235843011393,-980.51
Henry Gold,7843379434992982,-195.36
Henry Gold,9815308954571948,-906.19
Henry Gold,3939666301561944,-252.18
Henry Gold,2593960630126225,-1692.39
Henry Gold,8844325342707361,-310.28
Henry Gold,5994769627022369,-668.88
Henry Gold,7774556720074788,-590.09
Henry Gold,3071665484705679,-346.57
Henry Gold,8896999362162440,-449.01
Henry Gold,2105040058969302,-450.39
Henry Gold,5827000673741265,-666.35
Henry Gold,4992831155689726,-328.83
Henry Gold,1750750737095201,-289.05
Henry Gold,5035533229181317,-183.91
Henry Gold,1037451766259805,-608.69
Henry Gold,5072282501763951,-21.17
Henry Gold,2828284803331647,-671.29
Henry Gold,8508800034049869,-798.77
Henry Gold,3961278018989903,-338.81
Henry Gold,9855034287264776,-487.55
Henry Gold,8327420875033840,-976.87
Henry Gold,7483511231740136,-458.97
Henry Gold,7272493916756153,-699.88
Henry Gold,7882134564904288,-225.79
Henry Gold,7473362316931877,-84.07
Henry Gold,2360740739892397,-361.68
Henry Gold,4485239993043209,-673.30
Henry Gold,7044172352009005,-577.48
Henry Gold,6879813499377581,-582.74
Henry Gold,2868276572311077,-222.27
Henry Gold,5466577930198181,-139.01
Henry Gold,6083026975384857,-340.85
Henry Gold,6281227796172550,-388.26
Henry Gold,6910224622334036,-1423.19
Henry Gold,3821556055348511,-555.73
Henry Gold,1762034285140370,-144.04
Henry Gold,1756394500856655,-527.87
Henry Gold,2720591572082619,-33.63
Henry Gold,1707869587304859,-219.08
Henry Gold,9991272608535201,-352.74
Henry Gold,1780813057117315,-978.94
Henry Gold,4225426201759959,-545.42
Henry Gold,9368580759073363,-864.22
Henry Gold,4515740447565809,-766.78
Henry Gold,5332755106616393,-312.76
Henry Gold,7998563809303159,-813.27
Henry Gold,3075078001931248,-204.34
Henry Gold,2229933148071062,-387.69
Henry Gold,6046027949047928,-617.28
Henry Gold,3885608956509337,-1480.70
Henry Gold,9214078793550709,-1719.39
Henry Gold,8819630714477542,-483.13
Henry Gold,2517253059414203,-292.19
Henry Gold,2244155408715697,-491.01
Henry Gold,6663468111305406,-340.01
Henry Gold,9360881820378920,-260.87
Henry Gold,4990117908515511,-959.42
Henry Gold,7860741595002081,-219.31
Henry Gold,2882062964821372,-536.43
Henry Gold,5692169836124893,-784.95
Henry Gold,6205988062031510,-97.12
Henry Gold,4513514881063720,-830.58
Henry Gold,7712916458640140,-981.79
Henry Gold,3413261534830586,-323.16
Henry Gold,9386019149057002,-762.02
Henry Gold,9658045397207776,-392.13
Henry Gold,7907081763771457,-730.04
Henry Gold,9953631148726069,-934.87
Henry Gold,5264433892447961,-410.02
Henry Gold,3376934542915927,-111.56
Henry Gold,1985957113738308,-651.98
Henry Gold,1184641070071557,-614.13
Henry Gold,4553095439568831,-50.09
Henry Gold,2709128264967705,-679.01
Henry Gold,9988751180861391,-412.38
Henry Gold,4071726811347556,-527.26
Jane Smith,8135515339468142,-40.99
Jane Smith,4179780511838513,-789.58
Jane Smith,5296171676603780,-286.64
Jane Smith,2495895487257575,-11.92
Jane Smith,3155565471125782,-7.44
Jane Smith,2406352718815290,-273.94
Jane Smith,4546934847743088,-215.77
Jane Smith,7503484884303012,-545.85
Jane Smith,6318780471235222,-84.50
Jane Smith,1865408703495789,-309.08
Jane Smith,5970769303766135,-341.01
Jane Smith,9664700986802901,-235.52
Jane Smith,4412190263293237,-396.23
Jane Smith,4919383467969584,-0.48
Jane Smith,3039056770693624,-62.89
Jane Smith,7358762077018495,-389.22
Jane Smith,4553368672569553,-884.30
Jane Smith,6879813499377581,-676.29
Jane Smith,9930419395425807,-246.71
Jane Smith,4515740447565809,-71.85
Jane Smith,1059068161179940,-384.37
Jane Smith,2420136378878178,-102.06
Jane Smith,5940546015102819,-455.46
Jane Smith,5047419131817617,-205.37
Jane Smith,9586244707195530,-553.17
Jane Smith,9718254662178315,-611.60
Jane Smith,5349185306463465,-37.25
Jane Smith,9658045397207776,-924.33
Jane Smith,4011407288988045,-1286.62
Jane Smith,9907211484346284,-920.02
Jane Smith,9368580759073363,-40.39
Jane Smith,4414296872689307,-594.52
Jane Smith,4165815725932858,-661.06
Jane Smith,3964900017829188,-115.61
Jane Smith,7999331845045238,-1282.78
Jane Smith,1759824692448192,-836.84
Jane Smith,3194625400627635,-696.07
Jane Smith,3878587102194299,-404.67
Jane Smith,3062416748107041,-672.84
Jane Smith,8098552919273809,-557.18
Jane Smith,1793272733242832,-952.91
Jane Smith,7185514591116500,-438.83
Jane Smith,7007076383692586,-1.22
Jane Smith,1557643663481878,-529.43
Jane Smith,9475378585496058,-177.17
Jane Smith,1584335776330754,-22.63
Jane Smith,7128099801783200,-312.02
Jane Smith,4203231795755613,-114.22
Jane Smith,4050800847352350,-795.07
Jane Smith,4927530612143753,-13.07
Jane Smith,5486236315656806,-939.89
Jane Smith,5248970641914347,-775.06
Jane Smith,7843379434992982,-210.08
Jane Smith,7498248902307450,-2317.00
Jane Smith,5211145233564005,-555.42
Jane Smith,6083026975384857,-192.45
Jane Smith,8628576596149645,-253.26
Jane Smith,9819297821831556,-720.14
Jane Smith,6530853514633068,-949.84
Jane Smith,1529705636512653,-811.41
Jane Smith,8871857716962641,-1188.18
Jane Smith,2569278880397665,-180.09
Jane Smith,4505234468893832,-824.04
Jane Smith,5155012802927252,-915.43
Jane Smith,4225426201759959,-281.95
Jane Smith,5785139390153407,-474.74
Jane Smith,6459036153329664,-682.65
Jane Smith,4071726811347556,-451.69
Jane Smith,3064260193704877,-1367.88
Jane Smith,5334990160210959,-530.13
Jane Smith,7326287894855810,-594.64
Jane Smith,1904350079946925,-143.07
Jane Smith,4157037460083977,-996.47
Jane Smith,4786453358744779,-1361.58
Jane Smith,3759688206652592,-1090.63
Jane Smith,4480605330792682,-819.26
Jane Smith,9852972332072567,-625.01
Jane Smith,3078305925645274,-1503.89
Jane Smith,5682407970399872,-102.32
Jane Smith,8844325342707361,-131.44
Jane Smith,2218658351549826,-1807.67
Jane Smith,3112624864573924,-174.01
Jane Smith,8512062078239105,-292.34
Jane Smith,8019046410238155,-774.61
Jane Smith,6409878058391579,-502.86
Jane Smith,9815308954571948,-758.91
Jane Smith,3886351370165484,-818.12
Jane Smith,9745142947482903,-869.13
Jane Smith,5523032413829442,-739.74
Jane Smith,2645364289456636,-695.69
Jane Smith,8941448125943168,-150.16
Jane Smith,7083805996168123,-297.94
Jane Smith,2712882338366516,-555.53
Jane Smith,9512963411350347,-748.87
Jane Smith,5577890466252719,-464.49
Jane Smith,6051202613160376,-681.93
Jane Smith,2360740739892397,-649.42
Jane Smith,3138467800847947,-172.06
Jane Smith,1169539199661116,-421.02
Jane Smith,9471150892887780,-239.07
Jane Smith,3035662827572649,-156.78
Jane Smith,4637227252047046,-620.87
Jane Smith,4867871959299108,-765.65
Jane Smith,2437940894935163,-402.19
Jane Smith,7457914074343157,-1376.08
Jane Smith,7589919582164339,-986.29
Jane Smith,1160803508102272,-634.91
Jane Smith,6959527741720597,-516.83
Jane Smith,1770449598388660,-206.79
Jane Smith,2453441487706164,-74.68
Jane Smith,9852376767356584,-535.63
Jane Smith,9443425209403512,-475.62
Jane Smith,8567611645666689,-106.12
Jane Smith,8788107001571628,-644.37
Jane Smith,6164209188135774,-743.74
Jane Smith,5822101289127933,-328.68
Jane Smith,7588443931301930,-564.74
Jane Smith,5595720977744973,-806.38
Jane Smith,8996181280620557,-584.47
John Doe,6205988062031510,-535.01
John Doe,6403034350814816,-189.48
John Doe,9815308954571948,-351.94
John Doe,3547669788725139,-1050.64
John Doe,7893781716858302,-189.54
John Doe,8039748017104172,-339.72
John Doe,5486236315656806,-249.13
John Doe,2385524578449901,-115.49
John Doe,3155565471125782,-50.53
John Doe,5549957650509004,-117.41
John Doe,9818484273650170,-300.40
John Doe,1870473347205638,-622.15
John Doe,1285643469993134,-778.22
John Doe,3386573741944822,-925.78
John Doe,8073974918624400,-484.50
John Doe,8802186619018820,-324.80
John Doe,3939666301561944,-473.51
John Doe,1221197354671929,-560.68
John Doe,9658045397207776,-16.64
John Doe,2569628621703660,-203.87
John Doe,8996181280620557,-802.69
John Doe,5970769303766135,-14.88
John Doe,1987595217233083,-740.11
John Doe,2209880243273467,-181.74
John Doe,7272493916756153,-610.88
John Doe,2156204834780496,-266.26
John Doe,7248199356486720,-242.00
John Doe,7603795289906432,-531.81
John Doe,6720106614604698,-730.92
John Doe,7326287894855810,-653.62
John Doe,7429941530501189,-876.54
John Doe,6706674035925485,-600.94
John Doe,8226837803700668,-104.74
John Doe,4640447069618507,-299.02
John Doe,9863409304597557,-605.17
John Doe,3811842228174042,-34.35
John Doe,8245505702488036,-427.01
John Doe,5232437000823201,-97.77
John Doe,9212178367211269,-686.49
John Doe,6871225395246177,-228.30
John Doe,1985957113738308,-568.18
John Doe,3885608956509337,-365.82
John Doe,8290234363083586,-59.08
John Doe,3983849818517479,-40.15
John Doe,3020440036013316,-521.08
John Doe,9404186668819732,-964.78
John Doe,2630841418913621,-934.34
John Doe,2894325448950706,-719.26
John Doe,8788107001571628,-119.04
John Doe,4810388077603491,-1324.29
John Doe,1663442793578238,-788.83
John Doe,2406352718815290,-589.04
John Doe,8642937709452861,-149.45
John Doe,9911358968958847,-411.19
John Doe,4545688228306604,-997.81
John Doe,8068325816147773,-717.56
John Doe,5802030150359103,-613.11
John Doe,4530563380131425,-605.08
John Doe,4906870374355130,-773.74
John Doe,3376934542915927,-53.72
John Doe,2727390245708204,-427.41
John Doe,1352742255508341,-466.10
John Doe,4191189975492601,-350.02
John Doe,4157037460083977,-376.21
John Doe,2612897537856740,-189.25
John Doe,2105040058969302,-397.57
John Doe,7894821458468751,-373.13
John Doe,1750750737095201,-872.41
John Doe,4693483824709740,-580.79
John Doe,8614291639616673,-821.33
John Doe,8300457814754107,-243.59
John Doe,8941539075966578,-372.72
John Doe,4638015284313165,-674.79
John Doe,5248970641914347,-167.57
John Doe,1787078525172853,-481.83
John Doe,2534541855513032,-135.35
John Doe,4146677210263079,-426.57
John Doe,1812859020314851,-620.13
John Doe,9586389265514085,-221.54
John Doe,9368580759073363,-862.27
John Doe,8186043912657077,-519.89
John Doe,8844325342707361,-927.14
John Doe,9141373356287625,-508.52
John Doe,5517465148457475,-1310.86
John Doe,1707869587304859,-117.08
John Doe,2670609719486957,-114.08
John Doe,4544091496796015,-317.50
John Doe,6431461913300978,-988.56
John Doe,2877524811872056,-1055.36
John Doe,9614466691213425,-290.53
John Doe,9288564890132416,-183.31
John Doe,2634851307356891,-756.71
John Doe,3975419618799407,-831.94
John Doe,5782555298885677,-645.45
John Doe,6127396571794492,-498.93
John Doe,4631945159040497,-499.82
John Doe,9588847683992170,-88.15
John Doe,5282131322944837,-182.53
John Doe,3036892803410210,-876.08
John Doe,2569278880397665,-478.13
John Doe,7623541189649623,-374.41
John Doe,7011103993760406,-861.07
John Doe,1557643663481878,-524.13
John Doe,3500480973315126,-273.06
John Doe,4876931307060399,-901.02
John Doe,1647856387435296,-390.04
John Doe,4191679388203764,-823.03
John Doe,2128385306847033,-511.54
John Doe,1529705636512653,-491.68
John Doe,1685308142491838,-867.86
John Doe,8280890070474271,-946.98
John Doe,6281227796172550,-835.11
John Doe,7083805996168123,-602.08
John Doe,5985137008265484,-514.07
John Doe,2540689113788468,-472.59
John Doe,6555302233598496,-671.68
John Doe,4595575511110082,-290.93
John Doe,6726656678778943,-15.71
John Doe,6666155490535302,-567.24
John Doe,4533728137575028,-355.71
John Doe,2852473206719721,-780.09
John Doe,8438118775082099,-651.34
John Doe,6046027949047928,-713.02
John Doe,2580005359688516,-598.00
